{"mean_reward": 187.12887589999997, "std_reward": 94.19792161827338, "is_deterministic": true, "n_eval_episodes": 10, "eval_datetime": "2023-12-04T04:38:36.633346"}